product_number,model_number,,,
TYCT-30100,TYCT-30100,,,
RZCD-86972,RZCD-86972,,,
RZCD-86982,RZCD-86982,,,
XNYY-10015,XNYY-10015,,,
WKCL-3064,WKCL-3064,,,
UPCH-2203,UPCH-2203,,,
UICY-15846,UICY-15846+2,,,
UICY-15846,UICY-15846+1,,,
TYCT-60152,TYCT-60152+3,,,
TYCT-60152,TYCT-60152+2,,,
STPR-1005,STPR-1005,,,
POCE-12131,POCE-12131+2,,,
POCE-12131,POCE-12131+1,,,
EYCA-12757,EYCA-12757+2,,,
EYCA-12757,EYCA-12757+1,,,
AVCD-96394,AVCD-96394,,,
UNCR-1,UNCR-1,,,
UMCK-1644,UMCK-1644,,,
TYCT-60151,TYCT-60151,,,
BNCD-0005,BNCD-0005,,,
UMCA-10072,UMCA-10072,,,
TYCT-60155,TYCT-60155,,,
FFCM-101,FFCM-101,,,
ALI-6,ALI-6,,,
RZCD-86973,RZCD-86973,,,
WPCR-18136,WPCR-18136+2,,,
UICZ-1700,UICZ-1700+2,,,
UICY-15802,UICY-15802+2,,,
UICY-15802,UICY-15802+1,,,
UICY-15795,UICY-15795+2,,,
UICY-15795,UICY-15795+1,,,
UICY-15793,UICY-15793+2,,,
UICY-15793,UICY-15793+1,,,
UCCJ-3038,UCCJ-3038+2,,,
UCCJ-3038,UCCJ-3038+1,,,
UCCG-1822,UCCG-1822,,,
UCCD-1468,UCCD-1468,,,
SICP-6010,SICP-6010,,,
SICP-5997,SICP-5997+2,,,
SICP-5997,SICP-5997+1,,,
SICP-5992,SICP-5992+3,,,
SICP-5992,SICP-5992+2,,,
SICP-5992,SICP-5992+1,,,
SICP-5903,SICP-5903+2,,,
SICP-5903,SICP-5903+1,,,
SICP-10129,SICP-10129+2,,,
MICP-11455,MICP-11455,,,
MICP-11448,MICP-11448,,,
GQCS-90660,GQCS-90660+2,,,
GQCS-90660,GQCS-90660+1,,,
TKCA-74871,TKCA-74871+2,,,
DQC-1640,DQC-1640,,,
UPCH-2199,UPCH-2199,,,
ALI-4,ALI-4,,,
XNST-10015,XNST-10015,,,
XNST-10014,XNST-10014,,,
VICL-37503,VICL-37503,,,
SECL-2527,SECL-2527,,,
PCCG-1838,PCCG-1838,,,
BVCL-1022,BVCL-1022,,,
VVCL-1582,VVCL-1582,,,
VVCL-1575,VVCL-1575,,,
VPCD-86292,VPCD-86292,,,
VICL-65272,VICL-65272+2,,,
VICL-65272,VICL-65272+1,,,
VICL-65271,VICL-65271,,,
VICJ-61782,VICJ-61782,,,
TECI-1660,TECI-1660+2,,,
TECI-1660,TECI-1660+1,,,
SVWC-70468,SVWC-70468,,,
SCGA-90,SCGA-90,,,
PCCG-1820,PCCG-1820,,,
MHCL-30628,MHCL-30628,,,
MHCL-2817,MHCL-2817+2,,,
MHCL-2817,MHCL-2817+1,,,
GZCA-5294,GZCA-5294,,,
EPCE-7547,EPCE-7547,,,
AZCS-1087,AZCS-1087,,,
AVCL-25999,AVCL-25999,,,
USSW-217,USSW-217,,,
SRCL-11156,SRCL-11156,,,
SICP-31313,SICP-31313,,,
RZCB-87010,RZCB-87010,,,
ESCL-5302,ESCL-5302,,,
VIZL-1668,VIZL-1668+3,,,
VIZL-1668,VIZL-1668+2,,,
VIZL-1668,VIZL-1668+1,,,
VIZL-1657,VIZL-1657,,,
VICL-65267,VICL-65267,,,
VICL-65264,VICL-65264,,,
USSW-219,USSW-219,,,
UICA-1071,UICA-1071,,,
SRCL-11348,SRCL-11348,,,
SVWC-70452,SVWC-70452+2,,,
SVWC-70452,SVWC-70452+1,,,
SECL-2524,SECL-2524,,,
MJSA-1278,MJSA-1278,,,
SVWC-70465,SVWC-70465+3,,,
SVWC-70465,SVWC-70465+2,,,
SVWC-70465,SVWC-70465+1,,,
LACM-14933,LACM-14933,,,
LACM-14932,LACM-14932,,,
LACM-14931,LACM-14931,,,
THCS-60253,THCS-60253,,,
LACM-14948,LACM-14948,,,
LACM-14912,LACM-14912,,,
LACM-14906,LACM-14906,,,
LACM-14761,LACM-14761,,,
KICM-4040,KICM-4040,,,
KICM-2018,KICM-2018,,,
GNCA-579,GNCA-579,,,
FFCM-100,FFCM-100,,,
MUCD-1441,MUCD-1441,,,
KICX-5130,KICX-5130,,,
KICS-3873,KICS-3873,,,
QECB-1098,QECB-1098,,,
LACA-15806,LACA-15806,,,
KICA-2568,KICA-2568,,,
GNCA-1563,GNCA-1563,,,
GNCA-1561,GNCA-1561,,,
KICS-3884,KICS-3884,,,
KICA-3281,KICA-3281,,,
EYCA-12624,EYCA-12624,,,
EYCA-12754,EYCA-12754,,,
UWCD-1058,UWCD-1058+2,,,
UWCD-1058,UWCD-1058+1,,,
UPCH-20538,UPCH-20538,,,
UMCA-10071,UMCA-10071,,,
UICZ-4466,UICZ-4466,,,
UICY-40288,UICY-40288,,,
UICY-40287,UICY-40287,,,
UCCJ-2170,UCCJ-2170,,,
TYCT-69163,TYCT-69163,,,
EYCA-12682,EYCA-12682,,,
EYCA-12672,EYCA-12672,,,
EYCA-12670,EYCA-12670,,,
TYCT-60149,TYCT-60149,,,
UPCH-29346,UPCH-29346+2,,,
DDCZ-2244,DDCZ-2244,,,
TYCT-30099,TYCT-30099,,,
WPCR-18155,WPCR-18155,,,
WPCR-18154,WPCR-18154,,,
WPCR-18148,WPCR-18148+3,,,
WPCR-18148,WPCR-18148+2,,,
WPCR-18148,WPCR-18148+1,,,
WPCR-18133,WPCR-18133+2,,,
WPCR-18133,WPCR-18133+1,,,
WPCR-18131,WPCR-18131,,,
WPCR-18130,WPCR-18130,,,
WPCR-18129,WPCR-18129,,,
WPCR-18126,WPCR-18126,,,
WPCR-18111,WPCR-18111,,,
UICZ-1699,UICZ-1699,,,
UICZ-1698,UICZ-1698,,,
UICZ-1697,UICZ-1697,,,
UICY-15798,UICY-15798+2,,,
UICY-15798,UICY-15798+1,,,
UICS-9156,UICS-9156+2,,,
UICS-9156,UICS-9156+1,,,
UCCS-1244,UCCS-1244,,,
UCCQ-1089,UCCQ-1089,,,
UCCG-52184,UCCG-52184,,,
SICX-116,SICX-116,,,
SICX-114,SICX-114,,,
SICP-6116,SICP-6116,,,
SICP-6001,SICP-6001+3,,,
SICP-6001,SICP-6001+2,,,
SICP-6001,SICP-6001+1,,,
SICP-5995,SICP-5995,,,
SICP-5935,SICP-5935+2,,,
SICP-5935,SICP-5935+1,,,
SICP-5927,SICP-5927,,,
SICP-31264,SICP-31264,,,
MICP-90109,MICP-90109+2,,,
MICP-90109,MICP-90109+1,,,
GQCS-90666,GQCS-90666,,,
GQCS-90656,GQCS-90656+2,,,
GQCS-90656,GQCS-90656+1,,,
GQCS-90655,GQCS-90655,,,
WPCR-18125,WPCR-18125,,,
UCCO-1202,UCCO-1202,,,
SICP-5925,SICP-5925+2,,,
SICP-5925,SICP-5925+1,,,
TKCA-74857,TKCA-74857,,,
TKCA-74844,TKCA-74844,,,
STPR-1004,STPR-1004,,,
STPR-1003,STPR-1003,,,
CVOV-10060,CVOV-10060,,,
CRCI-20886,CRCI-20886,,,
CRCI-20885,CRCI-20885,,,
BVCL-1012,BVCL-1012,,,
VVCL-1566,VVCL-1566,,,
VVCL-1547,VVCL-1547,,,
VVCL-1542,VVCL-1542,,,
VTCL-35309,VTCL-35309,,,
VTCL-35308,VTCL-35308,,,
SVWC-70448,SVWC-70448,,,
SMCL-632,SMCL-632,,,
KSCL-3202,KSCL-3202,,,
ESCL-5292,ESCL-5292,,,
AICL-3783,AICL-3783,,,
YCCW-10371,YCCW-10371,,,
VICL-65256,VICL-65256,,,
VICL-65254,VICL-65254,,,
TECI-1656,TECI-1656,,,
SICP-31305,SICP-31305,,,
PHY-19002,PHY-19002,,,
PCCR-689,PCCR-689,,,
PCCG-1827,PCCG-1827,,,
PCCG-1826,PCCG-1826,,,
PCCG-1819,PCCG-1819+2,,,
PCCG-1819,PCCG-1819+1,,,
PCCA-04855,PCCA-04855,,,
MHCL-30625,MHCL-30625,,,
MHCL-2815,MHCL-2815+2,,,
MHCL-2815,MHCL-2815+1,,,
KDSD-1036,KDSD-1036,,,
IKCB-9572,IKCB-9572,,,
ESCL-5258,ESCL-5258,,,
VVCL-1529,VVCL-1529,,,
PCCA-4826,PCCA-4826,,,
KMYM-0004,KMYM-0004,,,
SRCL-11336,SRCL-11336+2,,,
SRCL-11309,SRCL-11309,,,
LACM-14945,LACM-14945,,,
QACW-3011,QACW-3011,,,
LACA-9694,LACA-9694+2,,,
LACA-9694,LACA-9694+1,,,
LACA-15799,LACA-15799,,,
LACA-15796,LACA-15796,,,
KICS-3866,KICS-3866,,,
KICS-3862,KICS-3862,,,
EYCA-12666,EYCA-12666+2,,,
EYCA-12666,EYCA-12666+1,,,
EYCA-12612,EYCA-12612,,,
COCN-60108,COCN-60108,,,
COCN-60103,COCN-60103,,,
COCN-60039,COCN-60039,,,
COCN-60038,COCN-60038,,,
COCN-60037,COCN-60037,,,
COCN-60036,COCN-60036,,,
COCN-60035,COCN-60035,,,
COCB-54289,COCB-54289+2,,,
COCB-54289,COCB-54289+1,,,
KICS-3871,KICS-3871,,,
UCCD-52076,UCCD-52076,,,
UCCD-52075,UCCD-52075,,,
UCCD-52074,UCCD-52074,,,
UCCD-52067,UCCD-52067,,,
POCS-25137,POCS-25137+2,,,
POCS-25137,POCS-25137+1,,,
UICZ-8206,UICZ-8206,,,
UICY-40277,UICY-40277,,,
WPCR-18276,WPCR-18276+2,,,
WPCR-18276,WPCR-18276+1,,,
WPCR-18275,WPCR-18275,,,
WPCR-18274,WPCR-18274,,,
WPCR-18273,WPCR-18273,,,
CVOV-10058,CVOV-10058,,,
COCX-40895,COCX-40895,,,
REC-811,REC-811,,,
REC-810,REC-810,,,
REC-809,REC-809,,,
REC-808,REC-808,,,
REC-790,REC-790,,,
REC-789,REC-789,,,
REC-667,REC-667,,,
UPCY-9884,UPCY-9884,,,
UPCY-9883,UPCY-9883,,,
UPCY-9882,UPCY-9882,,,
SICP-5991,SICP-5991,,,
SICP-5989,SICP-5989,,,
SICP-5986,SICP-5986,,,
SICP-5985,SICP-5985,,,
SICP-5984,SICP-5984,,,
SICP-5982,SICP-5982,,,
SICP-5978,SICP-5978,,,
SICP-5977,SICP-5977,,,
SICP-5975,SICP-5975,,,
SICP-5969,SICP-5969,,,
SICP-5964,SICP-5964,,,
SICP-5958,SICP-5958,,,
SICP-5953,SICP-5953,,,
SICP-5952,SICP-5952,,,
SICP-5949,SICP-5949,,,
SICP-5947,SICP-5947,,,
VPCC-86219,VPCC-86219,,,
VICL-65072,VICL-65072,,,
SOST-3029,SOST-3029,,,
REC-797,REC-797,,,
REC-774,REC-774,,,
REC-772,REC-772,,,
REC-766,REC-766,,,
REC-765,REC-765,,,
REC-764,REC-764,,,
REC-763,REC-763,,,
REC-762,REC-762,,,
REC-761,REC-761,,,
REC-759,REC-759,,,
REC-758,REC-758,,,
REC-757,REC-757,,,
REC-755,REC-755,,,
REC-754,REC-754,,,
REC-753,REC-753,,,
REC-745,REC-745,,,
REC-744,REC-744,,,
REC-743,REC-743,,,
REC-742,REC-742,,,
REC-741,REC-741,,,
REC-739,REC-739,,,
REC-738,REC-738,,,
REC-737,REC-737,,,
REC-732,REC-732,,,
REC-731,REC-731,,,
REC-716,REC-716,,,
REC-715,REC-715,,,
REC-688,REC-688,,,
REC-687,REC-687,,,
REC-682,REC-682,,,
REC-665,REC-665,,,
REC-663,REC-663,,,
REC-662,REC-662,,,
TBZR-883,TBZR-883+1,,,
TBZR-881,TBZR-881+1,,,
REC-740,REC-740,,,
REC-714,REC-714,,,
REC-661,REC-661,,,
TKPR-0012,TKPR-0012,,,
REC-556,REC-556+2,,,
REC-555,REC-555+2,,,
REC-554,REC-554+2,,,
REC-556,REC-556+1,,,
REC-555,REC-555+1,,,
REC-554,REC-554+1,,,
HKCS-23,HKCS-23,,,
REC-645,REC-645+3,,,
REC-645,REC-645+2,,,
REC-645,REC-645+1,,,
REC-457,REC-457+2,,,
REC-457,REC-457+1,,,
REC-456,REC-456+2,,,
REC-456,REC-456+1,,,
REC-455,REC-455+2,,,
REC-455,REC-455+1,,,
CUKA-17201,CUKA-17201,,,